block_time_day,market_supply_assets_USD,market_borrow_assets_USD,MORPHO_tokens_supply,MORPHO_tokens_borrow,MORPHO_dollars_supply,MORPHO_dollars_borrow,vaults_revenue
2024-08-22T00:00:00.000000,702188481.0761138,570517532.1553167,48328.83278997312,4590.377880921526,36053.30926131994,3424.421899167458,1654.0102119704852
2024-12-30T00:00:00.000000,2408112212.531308,1895034866.884549,75160.0,7533.993729379027,218191.68642534327,21872.164281058747,35531.795634206486
2025-01-28T00:00:00.000000,2768461496.02465,2288501319.2930174,67703.7732500428,6743.242580301769,209846.90623620022,20898.045130907565,25020.210201611844
2024-01-22T00:00:00.000000,28047328.98920024,16392832.801582202,5068.664169787764,0.0,542.347066167291,0.0,54.31916765497089
2024-03-09T00:00:00.000000,87103078.96796773,76143831.46653754,30055.555555555547,0.0,3215.9444444444425,0.0,1161.7725511762103
2024-10-08T00:00:00.000000,742334145.3712897,580123371.4154325,57693.872275518595,5464.412317206469,43039.62871753686,4076.451588636025,1981.0978620600617
2024-03-27T00:00:00.000000,124548937.88558857,92893985.72602883,41431.33583021223,0.0,4433.152933832707,0.0,2434.9539893279584
2025-04-03T00:00:00.000000,2286144510.686451,1806691859.0165327,34308.828822775715,2932.4908274444124,39056.12654991845,3339.2826929072817,11895.284315802972
2024-05-13T00:00:00.000000,507120930.8249012,402929764.3792869,39119.91056925417,0.0,4185.830430910198,0.0,2133.235069500142
2025-01-10T00:00:00.000000,2627755316.8728523,2095552688.697533,71617.65228678807,7220.348226400381,212442.6475220104,21414.115260876413,45620.27895727196
2025-03-05T00:00:00.000000,2404280234.699422,1889311410.763808,32139.96304409244,3329.2231125969324,55587.51488838582,5757.90584483657,20392.943962387955
2024-04-25T00:00:00.000000,502357401.0250662,395983186.9770667,37987.25105118601,0.0,4064.6358624769023,0.0,1453.6857741698275
2025-03-16T00:00:00.000000,2285568397.200452,1782291461.5936062,33569.624342316616,3315.3263593469374,29286.953808680613,2769.3040380665293,17421.663686163796
2024-07-17T00:00:00.000000,834164585.7749419,626739321.3410963,50266.9603457911,6061.579309035613,5378.564756999645,648.5889860668104,1863.4556531196654
2024-10-26T00:00:00.000000,852659986.4828779,677971948.3738811,59398.27260663827,5110.00905448589,44311.111364552155,3812.0667546464774,3421.6309292613423
2024-02-09T00:00:00.000000,36137348.10910453,30498414.7435421,14027.933832709108,0.0,1500.988920099875,0.0,304.595487686241
2024-12-12T00:00:00.000000,1798547033.9153132,1491128330.711403,89659.99999999999,11247.324250649666,201006.60698096902,25210.48289015798,16927.15581356222
2024-09-20T00:00:00.000000,712713578.7600709,561883125.6273211,51997.4876900245,4213.22904993971,38790.12581675826,3143.0688712550245,2833.2713288792215
2024-11-24T00:00:00.000000,1287352260.155207,1053845797.424936,85689.23260533674,9900.260906738007,70325.07632401522,8134.130621958854,4922.417946438833
2024-06-18T00:00:00.000000,770129954.4417313,652591922.4413521,48500.5285583576,2970.9188837463125,5189.5565557442615,317.8883205608555,2677.846949883008
2024-02-02T00:00:00.000000,29314396.756833017,21750144.374145553,5720.349563046191,0.0,612.0774032459427,0.0,93.2930007821043
2024-08-04T00:00:00.000000,788360363.1148362,609445341.9938307,49310.05997882031,5080.54093715061,36785.304744199944,3790.0835391143546,1988.4099542766314
2024-02-20T00:00:00.000000,60124818.81411912,52415311.998772964,28373.90761548064,0.0,3036.0081148564277,0.0,381.52644343717594
2024-04-14T00:00:00.000000,471260426.9509207,352813627.45949906,35715.647940074894,0.0,3821.5743295880143,0.0,2465.6604485510034
2024-05-31T00:00:00.000000,641074637.0938549,540325640.5712917,40634.920953703695,0.0,4347.936542046295,0.0,1987.8072153094395
2024-09-02T00:00:00.000000,699700181.1171819,556768081.7231321,50986.11068140764,4601.352316394044,38035.63856833012,3432.6088280299546,1676.8546601085566
2024-11-06T00:00:00.000000,887014664.941108,689159411.3568534,61556.55978595881,6543.080370462608,45921.19360032526,4881.137956365106,3399.603324557856
2025-02-15T00:00:00.000000,2714496491.140802,2151356620.1988325,43774.825546648775,4213.46992943308,95354.64972806149,9178.680966230633,19134.84871387202
2024-06-29T00:00:00.000000,808220059.765258,612322387.9961643,54352.52797903048,2849.846805160502,5815.720493756263,304.93360815217363,1781.9115989159354
2024-11-17T00:00:00.000000,952160074.243299,781708554.926873,69321.46202249872,7072.843673987373,51713.810668784026,5276.341380794579,4513.287642116878
2024-05-06T00:00:00.000000,513854939.4867896,395798818.03735024,37407.581802130895,0.0,4002.611252828005,0.0,1490.2685746774284
2025-02-08T00:00:00.000000,2590164603.1908455,2088030554.44592,45546.885829596555,4415.177557471402,80862.21331571175,7836.540884917214,23493.37451157013
2025-02-26T00:00:00.000000,2368427640.2962074,2020909287.8276396,33008.60191185858,3592.5205584698565,65340.87171587915,7111.6577699867275,36572.4699128365
2024-06-11T00:00:00.000000,762944907.5827215,603373088.3972615,44487.70433333332,0.0,4760.1843636666645,0.0,2299.404142041818
2025-04-14T00:00:00.000000,2045067142.790074,1688662426.3701265,29928.885878028796,2921.007186406041,29555.2794046259,2884.7025528551344,11659.447459803929
2024-04-07T00:00:00.000000,265649407.47161677,229373570.8996368,43668.5393258427,0.0,4672.533707865167,0.0,2143.6486538420286
2024-06-22T00:00:00.000000,788082566.0020728,644625831.4701641,52934.64466721652,2841.1318871230023,5664.006979392171,304.00111192216116,2498.4828961204266
2024-10-19T00:00:00.000000,735075605.7982832,550950450.1801596,59799.59204699584,4939.910998409115,44610.495667058865,3685.1736048132,2126.370625102212
2024-01-26T00:00:00.000000,27157493.07606417,16526436.704832053,5068.664169787764,0.0,542.347066167291,0.0,40.82313125324277
2025-01-21T00:00:00.000000,2685434826.370482,2249484717.596849,67191.48559502483,7087.0418150821915,218586.9353749398,23057.88777289245,25296.534142587883
2024-07-10T00:00:00.000000,808090072.8829846,603054046.8612309,49067.20044052644,5462.452774149962,5250.19044713633,584.4824468340461,1661.047982873351
2024-01-15T00:00:00.000000,8828436.340631386,8076192.941767029,5068.664169787764,0.0,542.347066167291,0.0,43.27981224748339
2024-09-13T00:00:00.000000,696641643.4246027,547015671.7526284,50475.884312033944,3940.245603833869,37655.00969677733,2939.423220460066,1518.9355470248247
2025-03-09T00:00:00.000000,2391082759.307351,1846720651.235669,33890.861333558794,3422.3799736515766,51716.10432283109,5222.3537648487645,18552.616098639934
2024-07-28T00:00:00.000000,779545699.8749424,622933999.9836532,49185.517174788845,5862.2465630184215,5262.850337702405,627.260382242971,1843.7421676553438
2024-03-02T00:00:00.000000,77750936.85870701,69531997.38045365,28724.25093632958,0.0,3073.4948501872645,0.0,623.2736687590672
2024-08-15T00:00:00.000000,766990235.0117484,561128876.2242094,46852.817273776476,4361.294730153983,34952.201686237255,3253.525868694872,1465.6178246423224
2025-03-27T00:00:00.000000,2378064174.687862,1709572133.3323133,35898.16169247441,3145.6391440410302,52790.153872804076,4625.736793772946,12593.25518306816
2024-12-23T00:00:00.000000,2260282533.397139,1742290134.5875754,89660.00000000006,10224.912888021694,200968.79762128062,22902.029937577296,24679.58054391411
2024-10-30T00:00:00.000000,882498955.6424311,730635284.0410434,61967.42035927766,5283.511407875182,46227.69558802111,3941.4995102748862,3392.416470591711
2024-08-26T00:00:00.000000,716761757.1218784,581290979.4454267,49753.71664003132,4746.4545355461005,37116.272613463356,3540.855083517389,1704.1406819642946
2024-10-01T00:00:00.000000,735054270.2343735,592487904.2142584,56336.96132225121,5484.123054228979,42027.373146399375,4091.15579845482,2597.909439541182
2025-01-03T00:00:00.000000,2460660998.351931,1975768232.4971902,71488.60933212317,7018.186441763492,234808.08288883098,23053.073712093614,35449.325151389465
2024-04-18T00:00:00.000000,476531149.75548565,400784985.0170036,36533.54734748231,0.0,3909.089566180606,0.0,2378.6228203672686
2024-05-24T00:00:00.000000,567695321.7073752,482721121.38511044,41558.294607305936,0.0,4446.7375229817335,0.0,2099.9139867498784
2024-12-05T00:00:00.000000,1660659575.019266,1292585784.8734796,85700.00000000007,12244.77697673607,137727.9845940015,19655.627977989643,13442.695072906043
2024-03-20T00:00:00.000000,99631701.91661778,85766614.17441066,41236.89138576778,0.0,4412.347378277151,0.0,2086.66718176011
2024-02-13T00:00:00.000000,45638769.42495286,37603204.38999821,27873.90761548064,0.0,2982.5081148564277,0.0,301.02834849829947
2025-03-20T00:00:00.000000,2352973669.216042,1803648320.0335114,33719.31755291508,3342.9139543010724,47264.63695692285,4686.423807253651,17803.9422390871
2024-08-08T00:00:00.000000,744625627.1842324,526691300.10570556,43982.99289671576,4066.2043305697275,32811.31270094995,3033.388430605016,1402.3010803866614
2024-06-04T00:00:00.000000,650331161.243239,556447711.8994735,40306.211740740735,0.0,4312.764656259257,0.0,2373.3412581351026
2024-09-06T00:00:00.000000,698454535.2736201,554670251.7667892,49552.052119811364,4394.496675301591,36965.83088137929,3278.294519774985,1441.5417074719373
2024-08-19T00:00:00.000000,766998697.4346472,566470298.8773739,46562.14367336584,4547.971054904572,34735.35918033089,3392.78640695881,1642.5869869419341
2025-01-14T00:00:00.000000,2549879291.9364605,2104306439.7214806,71439.61699471662,7345.291007940533,175619.9722243208,18053.924851596985,29168.21203228797
2024-03-24T00:00:00.000000,108005675.99641266,88806106.48950398,41431.335830212236,0.0,4433.152933832707,0.0,1804.7537871685017
2024-04-11T00:00:00.000000,380600073.7192881,313802286.4506587,33181.647940074894,0.0,3550.436329588014,0.0,3442.487519219437
2024-05-17T00:00:00.000000,505411302.1344702,402615048.0184568,40700.89257026889,0.0,4354.995505018772,0.0,1727.2003993234687
2024-01-19T00:00:00.000000,10803401.318597713,8765410.96138698,5068.664169787764,0.0,542.347066167291,0.0,55.19717011921267
2024-07-03T00:00:00.000000,814918063.4456717,626396217.4193759,54052.884255321114,3010.1481690915816,5783.658615319363,322.08585409279937,1938.7437457409608
2024-09-24T00:00:00.000000,715520907.9474081,581850934.5669631,54039.76953734511,4296.954254002678,40313.668074859415,3205.5278734859967,2252.7649667265723
2024-11-28T00:00:00.000000,1394044056.581383,1160578991.6951706,85700.0,10196.28467373857,139143.2689947528,16563.97801981709,5962.11734831742
2024-04-29T00:00:00.000000,508646764.2451321,398641654.0642976,37987.251051186,0.0,4064.6358624769027,0.0,1320.0996529446215
2024-10-23T00:00:00.000000,851184646.5297894,690414430.8945577,59666.25979759635,5136.642019982307,44511.02980900686,3831.9349469067993,2897.8832165173053
2024-11-10T00:00:00.000000,951560609.486673,746803288.250437,67647.13328352492,6758.599281507015,50464.76142950962,5041.915064004235,3641.093540860749
2024-12-16T00:00:00.000000,1975725081.5875957,1599219726.9853942,89660.00000000003,10811.710767088936,255368.428164612,30769.798465808824,19102.453884014794
2024-03-13T00:00:00.000000,93085914.28067733,83688062.92635931,40542.446941323346,0.0,4338.041822721596,0.0,1297.0632171681646
2025-03-02T00:00:00.000000,2404108721.0470576,1931689469.7745292,31672.81084270806,3419.1688005444103,63846.716128539425,6892.781632896417,21785.67394951321
2024-02-06T00:00:00.000000,29285102.145505514,24302380.24955342,5720.349563046191,0.0,612.0774032459427,0.0,184.5344184286116
2024-02-24T00:00:00.000000,63498729.52621251,53532251.96805418,28373.907615480643,0.0,3036.0081148564273,0.0,384.14865559570944
2024-07-21T00:00:00.000000,828356298.3577358,626649674.8643459,49622.3193859355,6099.108983361763,5309.588174295098,652.6046612197084,1546.9443169553783
2024-01-08T00:00:00.000000,10388.468291690362,106.20284821544129,0.0,0.0,0.0,0.0,0.00008742451965915321
2025-02-01T00:00:00.000000,2771953179.7005773,2338582282.4721837,44517.71479111674,4552.186943425389,139638.01997960143,14281.082077138666,28245.71539442583
2024-06-15T00:00:00.000000,761894216.8812901,644229602.0364457,49424.48684305527,2999.0787125393867,5288.420092206912,320.9014222417143,2799.1210583454995
2024-03-31T00:00:00.000000,239338523.66319323,214048575.9764869,41431.335830212236,0.0,4433.152933832708,0.0,2273.3966090266063
2024-10-12T00:00:00.000000,739749530.0311399,579170106.2423184,58898.201948065995,5247.0446368187195,43938.05865325723,3914.2952990667645,2409.2188709931283
2025-02-19T00:00:00.000000,2691944222.720163,2137956236.1322136,43819.090527926266,4208.58615425366,88115.08152981575,8463.292930921347,19655.84189502572
2024-12-27T00:00:00.000000,2377877878.9942193,1783774155.8556445,75160.00000000004,7274.480810176786,217941.24561642346,21096.201025866005,33194.312233689
2025-04-07T00:00:00.000000,2181968275.011967,1754749361.6259904,32405.633094296503,2996.641329631767,29226.927524997594,2702.744373854863,13202.604351516648
2024-11-21T00:00:00.000000,1174680854.1067784,935489706.33241,76867.21021382819,8889.606362500237,57342.938819515824,6631.646346425183,5567.732449164464
2024-12-09T00:00:00.000000,1790668106.2842476,1444429842.9959435,85700.00000000003,11743.510873934278,178929.28274689373,24507.727430628933,16777.979963889247
2025-03-31T00:00:00.000000,2178807678.65076,1491086021.61626,35464.210438492926,2698.664914670148,43363.0181380068,3299.8432820249373,9740.32064738813
2025-04-18T00:00:00.000000,2081215083.0060647,1679775106.2343328,21219.782115152382,2035.6719814235341,19592.242121713338,1879.4425031733845,11293.845309329998
2024-06-08T00:00:00.000000,760095687.0788174,607119022.8907559,44487.70433333333,0.0,4760.1843636666645,0.0,2560.1790779955168
2024-08-12T00:00:00.000000,765535135.7613752,543762342.4047422,45803.3570230764,4251.3566324907815,34169.304339215014,3171.5120478381227,1417.8188796487275
2024-05-21T00:00:00.000000,569833162.9866259,473836565.1446433,41499.9612739726,0.0,4440.495856315067,0.0,3399.6110251368777
2025-02-12T00:00:00.000000,2669482851.670533,2114090558.7591784,45795.2666615645,4392.74698213305,88484.94241950405,8488.967690737512,19768.18116460536
2024-04-22T00:00:00.000000,495854835.33860666,426061315.9136174,37987.251051186,0.0,4064.6358624769027,0.0,1771.8049799919077
2024-05-10T00:00:00.000000,508912794.6905786,394790287.4547679,39257.58180213089,0.0,4200.561252828005,0.0,1657.5022250920833
2024-08-30T00:00:00.000000,686033111.4282438,567685728.4143027,48616.56950413948,4591.679177797591,36267.96085008805,3425.3926666370025,1591.094111810505
2024-06-26T00:00:00.000000,784262484.3738974,621749107.4305462,52338.25050181548,2761.2442614104166,5600.192803694257,295.4531359709147,1996.9232735299804
2025-01-07T00:00:00.000000,2727439918.349738,2191207568.004972,71536.88030110046,6991.7369888633175,235781.68311665408,23049.869531334327,35951.64458056793
2024-11-03T00:00:00.000000,903175181.1168487,702611561.1386087,61547.33762738008,5054.315019427708,45914.313870025544,3770.5190044930714,2736.806110876942
2024-07-14T00:00:00.000000,828658917.7724323,610634272.0910517,53218.505364405966,5990.218889051296,5694.38007399144,640.9534211284887,1639.5078786377705
2024-10-05T00:00:00.000000,744136945.0777375,577524910.7442322,58631.59049439069,5387.855871701912,43739.16650881545,4019.3404802896266,2169.0631266343294
2025-01-25T00:00:00.000000,2860655883.1870446,2309854447.7400727,67426.55091057117,6672.157485768508,220473.1927796935,21819.3535875748,23342.221526070396
2024-05-28T00:00:00.000000,631473119.3874911,512968815.9317682,41558.29460730592,0.0,4446.737522981734,0.0,2453.170202912958
2025-03-13T00:00:00.000000,2326942360.342773,1801062402.0371788,33528.63863096411,3331.2248143854026,44029.54333809012,4374.474084012277,16680.613946960548
2024-12-20T00:00:00.000000,2095065103.1393626,1695678143.306499,89659.99999999996,10727.881723747552,222252.014922733,26600.339128234657,32269.97113126513
2024-01-30T00:00:00.000000,27100200.716146108,20519425.028510034,5068.664169787764,0.0,542.347066167291,0.0,56.3980350457519
2024-04-04T00:00:00.000000,241011879.86676264,210153962.55725685,43446.317103620466,0.0,4648.755930087389,0.0,1694.5543115876703
2024-09-17T00:00:00.000000,701492906.3905585,550999650.7301375,50745.09086946004,4045.749779060935,37855.8377886172,3018.129335179456,2023.523299853057
2025-02-23T00:00:00.000000,2602206730.6940145,2130959859.8472517,32708.39744915857,3314.0514567189025,73026.17336158692,7399.728870050566,18072.36325322365
2024-10-16T00:00:00.000000,725530205.2348458,592348584.530272,58954.1230777896,5365.2833253529825,43979.77581603106,4002.501360713326,2735.806217108746
2024-03-06T00:00:00.000000,79440015.37132788,71570279.86276558,30055.555555555547,0.0,3215.9444444444425,0.0,831.0915628910765
2024-03-17T00:00:00.000000,103420589.98968063,91647960.15466505,40542.446941323346,0.0,4338.041822721597,0.0,1681.822027310931
2024-01-12T00:00:00.000000,8073080.964739476,6517453.5789160915,5068.664169787764,0.0,542.347066167291,0.0,19.837274200983387
2024-08-01T00:00:00.000000,787642178.5239834,632804661.1924871,49757.18810952777,5826.186039177346,37118.86232970771,4346.3347852263005,2164.4445957664198
2024-02-17T00:00:00.000000,55628694.430906475,48636311.643965326,27873.90761548064,0.0,2982.5081148564273,0.0,384.26660400346674
2024-01-23T00:00:00.000000,27085574.32478936,16781447.351898916,5068.664169787764,0.0,542.347066167291,0.0,51.980119436262584
2024-12-13T00:00:00.000000,1845667677.9117453,1501124461.6439524,89659.99999999996,11458.858252305456,227754.3559753764,29086.60581466076,16600.442774173756
2025-03-24T00:00:00.000000,2300771669.502204,1778173297.1266263,35247.506751910936,3358.0207266236744,47527.480885300996,4527.9776586309745,14023.123305331437
2024-01-05T00:00:00.000000,99.99746298392449,10.0002187839245,0.0,0.0,0.0,0.0,0.000011677964711922822
2024-09-28T00:00:00.000000,730233600.7948132,586701189.2824866,55985.00803829076,5403.026768524198,41764.8159965649,4030.6579693190515,2181.881365667459
2024-03-10T00:00:00.000000,87940644.98969203,77275093.58013111,33988.13982521847,0.0,3636.730961298376,0.0,1293.9102812705923
2024-05-03T00:00:00.000000,492676569.063585,393885879.8652802,36963.137357686435,0.0,3955.055697272449,0.0,1515.3195379033552
2024-02-10T00:00:00.000000,39557081.22422376,31348894.097245723,27873.907615480643,0.0,2982.5081148564277,0.0,313.4928211393022
2024-08-05T00:00:00.000000,771333288.3395679,581287232.0644554,42994.45442851045,4188.6104013720205,32073.8630036688,3124.7033594235277,2795.1465904005026
2024-10-09T00:00:00.000000,746140516.682711,592685645.8229808,58362.891630890765,5177.24288350512,43538.71715664451,3862.22319109482,2032.8380353566154
2024-04-15T00:00:00.000000,479588111.3894589,360753034.81397086,35715.6479400749,0.0,3821.574329588014,0.0,2823.1089313396274
2024-07-25T00:00:00.000000,772173196.3302013,619713375.987431,46368.501852366084,5572.123790946915,4961.429698203169,596.21724563132,1468.1811965804307
2025-02-05T00:00:00.000000,2553369799.9493704,2131083104.4878747,45391.28353903278,4640.3048553878125,94057.05468281212,9618.4661090879,26602.651030164765
2024-02-28T00:00:00.000000,72480010.14638191,64291615.777860954,28373.90761548064,0.0,3036.0081148564277,0.0,486.1495327531463
2024-06-19T00:00:00.000000,772747067.0246084,649714054.4044745,51563.00356757689,3015.123324523587,5517.241381730727,322.6181957240238,3226.8308646307246
2025-01-18T00:00:00.000000,2743065010.2821126,2265706076.5860176,67259.7297720445,7010.11109803421,261491.6204291091,27253.54976424668,31365.752144801245
2024-11-14T00:00:00.000000,956361648.9591503,771011762.1599433,68329.16329093478,7027.353045946066,50973.55581503735,5242.405372275767,5751.225549975923
2024-05-14T00:00:00.000000,499183702.86816204,403923749.2882084,39037.30782952815,0.0,4176.9919377595115,0.0,2638.1219894273754
2024-07-18T00:00:00.000000,822494356.5548885,629892504.787027,48739.52157285164,6056.497122043645,5215.128808295124,648.04519205867,1768.6862838531777
2025-04-11T00:00:00.000000,2063893823.217682,1730118868.543928,29720.04025533122,2926.788637844633,29704.71700905406,2925.2034106501123,14592.999324076414
2025-02-16T00:00:00.000000,2714420961.506027,2148958956.4992166,43832.04867529236,4218.955111566335,95903.0417770789,9231.948817218134,18784.94354847976
2024-08-23T00:00:00.000000,704537840.3368584,569214538.4636673,48650.584501127174,4602.7022187627435,36293.33603784086,3433.6158551970084,1629.1482658152968
2024-10-27T00:00:00.000000,862866851.7115825,670595911.955466,59713.16763457942,5082.167513365708,44546.02305539624,3791.296964970819,3313.568452899669
2025-03-06T00:00:00.000000,2411288199.9800014,1869897018.8864026,32018.05000651484,3352.8045415803826,55257.599439485886,5785.890852831014,19241.200647414153
2024-09-10T00:00:00.000000,690265797.10263,543578516.5071886,49674.48025378752,4341.7129609792255,37057.16226932551,3238.9178688905013,1558.7147086837174
2024-06-01T00:00:00.000000,643587819.6798154,538641353.2971034,39954.35988888888,0.0,4275.11650811111,0.0,3378.3700228972807
2024-12-02T00:00:00.000000,1464340648.77442,1229684916.7528229,85598.70792474702,13714.983919905106,116903.44075538294,18721.238249344562,9719.51342281356
2024-07-07T00:00:00.000000,798005691.2425991,608480167.3219137,49084.774023040714,4803.889816942692,5252.070820465358,514.016210412868,1933.8690527201773
2024-12-31T00:00:00.000000,2373966751.9163475,1892339761.0080857,75159.99999999996,7515.0672468939665,223477.9850896101,22347.47535193245,31945.16887081205
2024-03-28T00:00:00.000000,131176629.8543053,99292418.04862332,41431.335830212236,0.0,4433.152933832707,0.0,2344.8617406230805
2024-03-03T00:00:00.000000,78218184.25674464,67054116.33865987,30055.555555555547,0.0,3215.9444444444425,0.0,758.9460768326412
2024-01-16T00:00:00.000000,9281252.4447192,8144055.787544891,5068.664169787764,0.0,542.347066167291,0.0,55.09995712004134
2024-04-08T00:00:00.000000,269756627.4565817,228641096.59086978,43668.5393258427,0.0,4672.533707865166,0.0,2074.385955567499
2024-11-25T00:00:00.000000,1281879419.4247887,1060374723.6919243,85524.07328035707,10976.434142746932,63214.84406478042,8110.808564004269,5290.428087165151
2025-03-17T00:00:00.000000,2293452834.388475,1772446318.1034667,33803.130896265124,3296.3692003730976,42466.50342715243,4141.477352795659,16733.531741203085
2025-02-09T00:00:00.000000,2565136175.496292,2091531266.465078,45577.81492058688,4529.171653130887,93443.47025948422,9286.287790074322,20976.380982827788
2024-06-30T00:00:00.000000,806529681.4543308,619999326.5949925,54078.275127343564,2936.890134122801,5786.3754386257615,314.2472443511397,1790.0398103482773
2024-07-29T00:00:00.000000,784552933.8698969,631957116.8570893,49616.21889808183,5824.99934271471,5308.935422094756,623.2749296704743,2323.740086662114
2024-08-16T00:00:00.000000,766962967.3836178,556322896.4858255,46871.692448793714,4467.127885837071,34966.2825668001,3332.4774028344555,1492.5906885896443
2024-09-21T00:00:00.000000,698298667.2048868,575926287.6351053,52389.247137528895,4222.890042132592,39082.37836459655,3150.275971430914,2552.6757299171327
2024-06-12T00:00:00.000000,757874903.971117,599235817.853786,44487.70433333332,0.0,4760.184363666665,0.0,2595.604212140055
2025-04-15T00:00:00.000000,2071956661.324347,1695073638.6481853,31323.707167056215,2910.8207089302728,30621.19064167798,2845.4951763711106,10168.156290670573
2024-11-07T00:00:00.000000,909968979.8229505,700981716.4602964,63059.0370961638,6611.932378358142,47042.04167373821,4932.501554255173,3098.8247862280623
2024-09-03T00:00:00.000000,706040096.7380823,564927153.5532941,51593.0365845237,4614.506529190517,38488.40529205466,3442.421870776126,1644.0303628775853
2024-10-02T00:00:00.000000,736603789.4400524,584854782.0544782,57044.01414657609,5403.6371715642335,42554.83455334576,4031.1133299869193,2384.633537816793
2024-10-20T00:00:00.000000,742862317.1645352,551825445.926793,59892.77467229184,4954.092554913655,44680.00990552971,3695.753045965586,2135.6407017756837
2025-02-27T00:00:00.000000,2341921401.303778,1973292730.613005,33173.078806728925,3563.683801437097,67571.40406454293,7259.91726618659,26462.964050629693
2025-01-29T00:00:00.000000,2777365209.2766657,2268293968.6087685,67609.51623175504,6635.4572137588875,208314.85207825658,20445.660861433204,22601.474936889725
2024-12-06T00:00:00.000000,1643246201.4273307,1340428288.99727,85699.99999999999,11379.1398205081,217488.8313091295,28885.561043453006,15585.617643693095
2024-05-07T00:00:00.000000,509095322.6370493,393247953.9343306,37407.58180213088,0.0,4002.6112528280046,0.0,1282.7359616349008
2024-12-24T00:00:00.000000,2210744163.464125,1798204168.391122,89659.99999999999,10546.283822577327,249381.70127214116,29339.382905138664,31137.62453216316
2024-02-03T00:00:00.000000,29546119.703504648,22834594.427160446,5720.349563046191,0.0,612.0774032459427,0.0,94.16554084658165
2024-09-14T00:00:00.000000,700245645.7995175,546554583.6857202,50887.19269287127,3936.9938269211766,37961.84574888198,2936.997394883198,1662.49910219517
2025-04-04T00:00:00.000000,2321224542.6061993,1806431624.246272,34174.877645049666,3167.5499139517137,38709.99686661712,3588.0892333799015,12011.261252311928
2024-03-21T00:00:00.000000,106415073.1279912,91160858.6151133,41431.335830212236,0.0,4433.152933832707,0.0,2022.4243904823088
2024-04-26T00:00:00.000000,502285216.5454163,404023807.17376435,37987.25105118601,0.0,4064.6358624769027,0.0,1459.820072525617
2024-05-25T00:00:00.000000,571027323.8655632,488832514.39312416,41558.29460730593,0.0,4446.7375229817335,0.0,1961.3736014266
2025-01-11T00:00:00.000000,2683968030.791685,2114199560.1451478,71710.11729454173,6809.836710921721,197157.7513306122,18727.429981922643,12931.112743552918
2024-07-11T00:00:00.000000,810227356.1167586,604725034.8998966,50070.609956398264,5531.958162513278,5357.555265334615,591.9195233889208,1560.9757037274155
2024-02-21T00:00:00.000000,60427269.52176545,54713474.48985183,28373.907615480643,0.0,3036.0081148564273,0.0,531.0983505235698
2024-02-25T00:00:00.000000,64583755.5774058,54622905.98629854,28373.90761548064,0.0,3036.0081148564273,0.0,412.7955244267995
2024-09-07T00:00:00.000000,688082165.7222984,541287317.9894637,49173.308658182475,4306.73642003383,36683.28825900411,3212.825369345236,1404.9761882326407
2024-11-18T00:00:00.000000,946679663.9646221,775509918.5084964,70796.09842378633,7504.8761808379295,52813.88942414459,5598.637630905094,3981.7324954191763
2024-06-05T00:00:00.000000,651676106.4847689,570600066.7605685,40565.47099999998,0.0,4340.505396999998,0.0,2512.033357942013
2024-10-31T00:00:00.000000,899164345.3242155,727272077.5100945,63130.78132561317,5211.198061302521,47095.562868907415,3887.5537537316795,2955.7559837741805
2025-01-04T00:00:00.000000,2599109944.6668544,2036855832.1089563,71501.5502014568,6892.104342009706,233191.69653029484,22474.344148896114,32368.132131518276
2025-03-10T00:00:00.000000,2342228413.1394916,1807028096.8064508,33189.473814433666,3353.1745414173342,42338.40486917761,4278.305083558633,17730.841811115388
2024-02-14T00:00:00.000000,47205658.52104872,38282311.8707233,27873.90761548064,0.0,2982.5081148564277,0.0,480.9942283572632
2025-04-08T00:00:00.000000,2167571108.3865457,1686396631.8634124,31721.293573378094,2907.614174865477,31158.636481508976,2855.6034741964095,10992.001375965234
2024-10-13T00:00:00.000000,741960783.0393789,581648842.1306967,59026.24684757849,5258.622624918759,44033.58014829354,3922.932478189394,2533.798266079993
2024-08-27T00:00:00.000000,696896202.450615,584553886.711146,49729.80578142374,4732.119596833654,37098.43511294207,3530.161219237906,1723.8476188537234
2024-03-14T00:00:00.000000,98653646.29681258,87272680.37855713,40542.44694132334,0.0,4338.041822721596,0.0,1301.5432823813994
2024-06-23T00:00:00.000000,788294001.9801161,637136046.8778479,52895.89390548238,2834.7499073706667,5659.860647886614,303.31824008866124,2450.373680977371
2025-01-22T00:00:00.000000,2756300479.636435,2276386597.6376834,67250.72353183727,6891.7080480522345,223599.77032449425,22913.556968045646,25221.831772821355
2024-05-18T00:00:00.000000,511037771.07054573,425343287.4407086,41358.29460730592,0.0,4425.337522981734,0.0,1626.186763035616
2024-01-09T00:00:00.000000,10413.867194082048,9606.633844104503,0.0,0.0,0.0,0.0,0.000051336036641401215
2024-07-04T00:00:00.000000,806583747.6667074,622160225.2921823,51454.387887062956,2883.714059599038,5505.619503915732,308.557404377097,2136.3884558633154
2024-01-27T00:00:00.000000,27207127.17651474,19724573.43336285,5068.664169787764,0.0,542.347066167291,0.0,51.93012610135182
2025-03-28T00:00:00.000000,2315785775.971257,1609881250.8350122,33092.01911063255,2872.4312527034917,51327.1664452479,4454.9702351967135,12396.654192202337
2024-12-17T00:00:00.000000,2004691237.3924968,1635205786.3257244,89660.00000000004,10604.66188679651,235958.92262231786,27896.093391322644,18665.195438496034
2024-04-30T00:00:00.000000,507415115.68083614,402628980.68697953,37987.251051185995,0.0,4064.6358624769027,0.0,1352.879805640526
2024-11-29T00:00:00.000000,1407817136.3164947,1169297907.2627432,85455.42600962023,10799.83833652327,106181.95027062276,13428.140250247434,6151.547595292152
2025-02-20T00:00:00.000000,2722467023.061633,2154220219.079339,43729.80925876853,4251.101255423984,97290.98278135169,9457.80996511835,20185.00684100589
2024-04-01T00:00:00.000000,243490008.6316624,217864585.38549048,41851.12359550561,0.0,4478.070224719099,0.0,2409.1100030376265
2024-04-19T00:00:00.000000,484865684.8125019,409040036.70869863,37570.58438451934,0.0,4020.0525291435697,0.0,1885.5367469700086
2024-07-22T00:00:00.000000,827305264.138493,629142410.1479814,47732.285847211235,5569.965130791886,5107.354585651603,595.9862689947319,1789.7023231239243
2024-09-25T00:00:00.000000,708349063.6834186,583896210.4982497,53462.2041729668,4300.529447029368,39882.80431303324,3208.1949674839084,2489.9929681290746
2024-08-09T00:00:00.000000,757776789.3748477,542299527.4501077,45390.24679467804,4279.250495384305,33861.124108829805,3192.3208695566923,1557.5652762017044
2025-02-02T00:00:00.000000,2750546159.3357983,2322327094.8686438,44685.77877032359,4556.056739002538,124014.78450060023,12645.265233846074,28559.96653504406
2024-04-12T00:00:00.000000,380409894.76174164,323013191.2132409,34659.814606741566,0.0,3708.6001629213474,0.0,2339.532377669199
2024-03-07T00:00:00.000000,83904089.00568242,74714216.80628784,30055.555555555547,0.0,3215.9444444444425,0.0,839.9380133195313
2024-10-24T00:00:00.000000,847816060.4334025,682257332.3648968,59226.83976933055,5120.632283125086,44183.22246792061,3819.9916832113176,3001.0413250971
2024-02-07T00:00:00.000000,32802503.116440743,24522348.23034464,5720.349563046191,0.0,612.0774032459427,0.0,177.6633788554824
2025-02-13T00:00:00.000000,2675707008.011855,2160343898.257958,45853.07740747054,4468.26538582601,92132.8393305762,8978.20134059161,20284.920069020256
2024-08-31T00:00:00.000000,693819426.9682212,563542988.5588955,49941.20362739666,4582.42456525457,37256.13790603792,3418.488725679909,1605.8565964379707
2025-03-21T00:00:00.000000,2236800109.071195,1803264332.8096406,31937.089616866047,3340.373250199887,43292.44425047149,4527.892597064708,22163.6188540775
2024-11-22T00:00:00.000000,1241790763.7960763,987103613.1231804,81692.69085645265,9353.132215099531,81366.15261506724,9321.279908506824,4516.509560606297
2025-01-15T00:00:00.000000,2564081014.061209,2131495913.996262,71407.15979593038,7282.250581814822,175105.59575320434,17857.314620559773,29507.70176016532
2025-01-26T00:00:00.000000,2865156876.561914,2306169517.233389,67448.2394506182,6687.327379721877,198546.04971375494,19687.35713199706,23774.513499454028
2024-09-18T00:00:00.000000,704082435.6923559,556915513.1777976,50639.4475671261,4068.532997159109,37777.02788507608,3035.125615880695,2710.198618161422
2025-03-03T00:00:00.000000,2466548893.1178083,1988764551.2484317,31756.133208610874,3360.8150471659237,68507.5195371882,7252.321218718638,21432.2324049701
2024-02-18T00:00:00.000000,56138789.331850626,48901951.04875654,27873.907615480643,0.0,2982.5081148564273,0.0,386.36928757208364
2024-10-06T00:00:00.000000,750850033.1787442,579462647.2632331,58685.41136912234,5396.338623199189,43779.31688136528,4025.6686129065956,2118.8099747219767
2024-12-28T00:00:00.000000,2404264755.8524046,1833968756.2359262,75160.00000000001,7388.972235943716,223598.7131674018,21975.86514971406,28338.971600272685
2024-05-11T00:00:00.000000,505900548.6988055,394671027.74571013,39257.58180213089,0.0,4200.561252828004,0.0,1528.9169124302907
2024-05-29T00:00:00.000000,634896925.1571118,536127145.3301071,41558.29460730593,0.0,4446.7375229817335,0.0,2508.027613350415
2024-12-10T00:00:00.000000,1760812416.0666487,1478558285.744889,85700.00000000001,11474.838799972864,151996.1933763768,20361.85690289633,17258.286928748817
2024-06-27T00:00:00.000000,782339993.9161184,618608826.1591717,53344.485597718056,2779.190854118185,5707.8599589558335,297.3734213906457,2050.1816873447824
2025-04-01T00:00:00.000000,2172341368.3797607,1516679336.6881936,34496.74410694343,2863.8021227819836,42171.78936265224,3500.9407362497436,10837.380044421221
2024-04-23T00:00:00.000000,501010594.32785267,426067756.63859767,37987.251051186,0.0,4064.635862476903,0.0,2477.573441094665
2024-11-11T00:00:00.000000,959820670.7087793,759714458.3885474,67706.06182519079,6855.847535090903,50508.72212159234,5114.462261177815,4647.317146200776
2024-08-20T00:00:00.000000,691386297.6607678,562949257.3505588,46946.39767014797,4505.661218288195,35022.012661930385,3361.2232688429963,1624.475347648536
2024-06-16T00:00:00.000000,766345442.4175795,647976956.7023772,49516.57116667733,3012.259557272503,5298.273114834474,322.3117726281578,2715.596702233622
2024-01-20T00:00:00.000000,27658002.107546803,8180723.5373252975,5068.664169787764,0.0,542.347066167291,0.0,49.4196149637977
2024-08-02T00:00:00.000000,795745737.6615572,627668362.6113462,50457.01190099194,5088.090724578115,37640.93087814,3795.7156805352743,1936.533201534863
2024-07-15T00:00:00.000000,832702260.3803244,628473612.6542052,53256.312700648115,6095.776816986878,5698.425458969347,652.248119417596,1570.5052294140214
2024-03-25T00:00:00.000000,112564699.6474321,90936391.17098007,41431.33583021223,0.0,4433.152933832707,0.0,1269.6087272192447
2024-11-04T00:00:00.000000,894266312.0179266,690489991.5844305,61293.408246316525,5090.614637330732,45724.88255175214,3797.5985194487266,2900.7418744371344
2025-04-19T00:00:00.000000,2049004454.5171432,1677893621.9673526,21159.90608503098,2036.938743034977,16540.540850138404,1581.5934911746695,11410.274805650703
2024-01-31T00:00:00.000000,27333702.616538335,20757762.606606197,5068.664169787764,0.0,542.347066167291,0.0,87.78960380068983
2024-09-11T00:00:00.000000,691905657.4594287,540599881.3441378,49775.05014188066,4382.509963110458,37132.18740584295,3269.352432480401,1503.1566703600397
2024-08-24T00:00:00.000000,713504656.7784257,579531363.6855156,49233.397620029566,4681.171096308163,36728.11462454206,3492.1536378458904,1773.5335280988465
2024-02-29T00:00:00.000000,77681834.23712987,70519283.41773333,28373.90761548064,0.0,3036.0081148564277,0.0,1170.151320373894
2024-04-05T00:00:00.000000,249345365.767757,221503797.0009265,43538.909696213064,0.0,4658.663337494796,0.0,2335.8770522913132
2024-10-17T00:00:00.000000,718776937.6159922,575194762.5061307,58455.21628072984,5191.894730324796,43607.59134542447,3873.1534688222987,2353.2412557022735
2024-12-21T00:00:00.000000,2229826603.678569,1740415942.1011014,89660.00000000003,9861.842927013722,252293.5768248305,27755.49865515521,24728.123736043464
2024-03-18T00:00:00.000000,104439686.33298214,93316417.05540675,40704.48397836038,0.0,4355.379785684559,0.0,1999.1079790772146
2025-02-24T00:00:00.000000,2594971479.758241,2143003910.7736795,32750.028621679503,3604.848471246823,72819.66919047858,8016.741672180958,22851.868447821016
2024-07-26T00:00:00.000000,763374285.7430104,609708477.5175807,47758.33574637107,5677.033392054979,5110.141924861706,607.4425729498826,1444.6431532535942
2024-05-22T00:00:00.000000,574513755.1067494,480040445.9790563,41558.29460730593,0.0,4446.737522981733,0.0,2630.8565138970953
2024-07-08T00:00:00.000000,794263965.2669929,597379598.3256074,46168.451654220305,4836.350077205133,4940.024327001572,517.4894582609493,1968.3994613723773
2024-04-16T00:00:00.000000,481684164.7441898,372353272.1297058,35900.8324400749,0.0,3841.389071088014,0.0,2297.358618560589
2024-06-09T00:00:00.000000,760148919.0903778,622395791.4371648,44487.70433333332,0.0,4760.1843636666645,0.0,2585.275026168975
2025-01-01T00:00:00.000000,2363504165.452589,1901524605.646439,75160.00000000001,7400.563477673654,258322.34461634277,25431.856331508265,31294.559926726502
2024-10-28T00:00:00.000000,870623006.7579569,671682534.0438085,59684.83734902234,5089.853988434185,44524.888662370664,3797.031075371901,2978.8318197078947
2024-06-20T00:00:00.000000,776792076.0467548,659786467.177233,51754.77583985185,3044.0702445853335,5537.761014864146,325.71551617063074,3310.6957768964626
2024-01-13T00:00:00.000000,8557760.506057158,7270993.7784073,5068.664169787764,0.0,542.347066167291,0.0,28.06739846290016
2025-01-08T00:00:00.000000,2679879634.80969,2154519063.0482283,71652.23407344885,7178.769439114344,238693.41910601195,23915.437147550398,35128.36941286327
2024-12-03T00:00:00.000000,1564183457.5881133,1228867292.0062804,85700.0,13634.778197799189,116394.5794619445,18522.4905437684,12548.26085220271
2025-03-14T00:00:00.000000,2284930010.1100883,1767334111.3856282,33624.059373933196,3325.7073008607185,42521.763185330456,4205.89751434322,16276.916719027924
2024-02-11T00:00:00.000000,41542448.967940204,31299383.22443862,27873.90761548064,0.0,2982.5081148564277,0.0,233.14954126110285
2025-03-25T00:00:00.000000,2367158847.4965825,1790806490.045989,35337.33673792345,3103.5409980896065,50232.72650606476,4410.7781395978745,14060.266198649217
2024-08-13T00:00:00.000000,771768837.9114304,550203306.7224481,46200.637247641476,4292.353249854534,34465.67538674054,3202.0955243914823,1341.3167735094514
2025-01-19T00:00:00.000000,2770727792.4706073,2299214832.14721,67204.85550243323,7130.992490185717,258899.4631438621,27476.76006614654,31940.57771296498
2024-09-29T00:00:00.000000,733912989.0360484,592601100.2949774,56195.636051023655,5426.593702371276,41921.94449406366,4048.2389019689713,2230.4594836945707
2024-05-04T00:00:00.000000,500367026.1719103,394264053.50201774,36963.13735768644,0.0,3955.0556972724485,0.0,1482.5529557856048
2025-04-12T00:00:00.000000,2041853447.080326,1664826362.5307963,29655.1816071965,2876.3125252234163,29252.58766787655,2837.3079602894936,11578.418519823206
2024-11-15T00:00:00.000000,944061519.8203646,772043785.136515,68085.6249123659,6991.06518057751,50791.876184624976,5215.334624710826,4616.574945005472
2025-02-06T00:00:00.000000,2572781730.3351493,2125500006.0176024,45248.755428821714,4495.645812405248,87687.02055921998,8712.054594971865,24149.111357826096
2024-03-11T00:00:00.000000,86728312.9773047,77389277.99259762,40542.44694132334,0.0,4338.041822721596,0.0,1690.634629697863
2024-12-25T00:00:00.000000,2248851565.7503295,1835254816.2497978,75159.99999999997,7650.215622510459,211928.12486341663,21577.63181888444,33486.55486198866
2024-01-06T00:00:00.000000,10387.479470734837,84.76610217309545,0.0,0.0,0.0,0.0,0.000049860292090832174
2024-08-06T00:00:00.000000,731694355.2773702,534342881.7808752,44882.503510674076,3950.3578385950996,33482.34761896287,2946.966947591944,1550.8896642431778
2024-02-04T00:00:00.000000,29328081.511027418,24178593.31320983,5720.349563046191,0.0,612.0774032459427,0.0,144.69674541016118
2024-03-29T00:00:00.000000,135328663.83214188,105049853.99954465,41431.335830212236,0.0,4433.152933832707,0.0,1301.1204684198362
2025-01-12T00:00:00.000000,2660954500.045693,2074357921.5877478,71492.66332085819,7279.661299340925,194382.09219333527,19789.414915190806,15483.845703450388
2024-05-15T00:00:00.000000,498968577.4129645,398713578.02455103,39037.307829528145,0.0,4176.9919377595115,0.0,3041.2754232410944
2025-03-18T00:00:00.000000,2289859966.013784,1760999142.645682,33579.3013129873,3217.2112504328093,43567.04777624521,4174.390162514791,15792.727407836226
2025-02-17T00:00:00.000000,2684868303.1119795,2129351864.2698858,43786.19985849289,4238.7236479637395,94681.39677577495,9165.881175573757,18825.468305938582
2025-02-28T00:00:00.000000,2392107072.9684505,1951286303.6376672,31933.695600824813,3290.2757151087394,76485.01997069856,7880.682293421847,21032.6771745526
2024-06-02T00:00:00.000000,646812352.0631456,548703604.763928,40121.02655555555,0.0,4292.949841444443,0.0,2435.965475677606
2025-03-07T00:00:00.000000,2411044884.7807975,1852766325.3311553,32244.348765409195,3373.684268164377,51326.36210793507,5372.9279599044075,19039.506412992196
2024-01-24T00:00:00.000000,27244321.903697424,16289189.01462581,5068.664169787764,0.0,542.347066167291,0.0,36.77381972567175
2025-04-05T00:00:00.000000,2297407174.7307596,1822688588.683229,34501.103945521034,3174.6369726307535,28689.72934978542,2581.545360852253,12166.41890491855
2025-01-30T00:00:00.000000,2813876453.1404414,2269850375.254128,67429.5705154574,6684.239949086047,211082.6195719116,20925.360046518967,24465.25467174604
2024-09-04T00:00:00.000000,706734216.4417925,566345653.7997619,50415.01820310805,4573.607554206874,37609.60357951862,3411.911235438327,1829.152900815933
2024-08-17T00:00:00.000000,762962199.6109673,558534704.82487,46454.92422511689,4536.848291372257,34655.3734719372,3384.4888253637046,1476.1260945174697
2024-04-09T00:00:00.000000,379383439.5227629,308333058.1891877,39735.95505617977,0.0,4251.747191011234,0.0,1995.8413256875695
2024-10-10T00:00:00.000000,738289968.7325861,594827336.3251556,58378.746576703044,5199.695492128822,43550.54494622049,3878.9728371280985,2350.8900135798544
2024-07-01T00:00:00.000000,811726903.4651742,624429027.4312724,54427.06848216067,3050.454907520567,5823.696327591189,326.3986751047006,1932.0047635531937
2024-11-08T00:00:00.000000,923910489.344823,712653395.0596374,63724.64198767717,6383.1324060314155,47538.58292280713,4761.816774899431,3065.127823656652
2024-10-21T00:00:00.000000,747233124.5606265,556411859.0505841,59945.19544190862,5038.998972731437,44719.115799663836,3759.0932336576534,2414.5402504775307
2024-07-19T00:00:00.000000,819998902.1212579,628983250.2113786,48799.07232948708,6127.069282962055,5221.500739255114,655.59641327694,1723.1772465930042
2024-04-27T00:00:00.000000,505783493.5679298,399149881.630231,37987.25105118601,0.0,4064.6358624769023,0.0,1865.1358490890161
2024-11-26T00:00:00.000000,1327867830.9086297,1091459167.063413,85127.57548187724,10587.611681986677,80842.36266455812,10070.757384974204,5749.564080369109
2024-02-22T00:00:00.000000,62225322.33297146,53909584.88002153,28373.90761548064,0.0,3036.0081148564277,0.0,549.3537997270014
2024-12-14T00:00:00.000000,1894530945.3851638,1547367617.6002088,89659.99999999999,11282.541163108,277969.3363144666,34936.35142507101,16288.456606281265
2024-06-13T00:00:00.000000,762678363.7579707,627600913.8846117,78663.0981903186,2868.812157569315,8416.95150636409,306.9629008599166,2755.766483188134
2024-09-22T00:00:00.000000,702336419.4458557,580322433.1784216,53043.761824653906,4284.0541913922625,39570.646321191845,3195.90442677863,2424.8937082512457
2025-02-21T00:00:00.000000,2708398288.1217284,2122629333.6326735,43589.68484107816,4294.647962617474,103708.07517722025,10217.35361814324,20661.24490671163
2025-01-05T00:00:00.000000,2648003650.5000334,2079822705.9660318,71521.9263481082,6822.668825142213,240285.53843676794,22921.872305126202,33424.169317502965
2024-07-12T00:00:00.000000,814741978.3548405,606016293.8964176,50616.3573287902,5645.934411311243,5415.950234180553,604.1149820103027,1739.0057150938694
2024-12-18T00:00:00.000000,2036762118.5936127,1645216148.4895847,89660.00000000001,10985.853237783123,234798.8114706604,28773.59805037158,24959.298473782295
2024-09-15T00:00:00.000000,705360437.572352,547323061.7228976,50583.28899418163,3967.799809379019,37735.1335896595,2959.978657796749,1799.4979767679597
2024-06-06T00:00:00.000000,708169197.0076307,578167944.7829473,40778.4446111111,0.0,4363.293573388886,0.0,2757.991880610109
2024-12-07T00:00:00.000000,1726046830.1292071,1399393718.1543717,85699.99999999996,11208.39596542295,196046.816144183,25625.553957320994,15218.151618777198
2025-04-16T00:00:00.000000,2120051309.0179622,1683064146.722646,31468.259692100182,2943.1039628402145,27498.872240996265,2571.818318952473,10450.870830905234
2024-11-19T00:00:00.000000,959479833.1872752,790670561.7432615,71327.30122578378,7513.110290023607,53210.166714434694,5604.780276357613,5389.353921533604
2024-10-03T00:00:00.000000,735912666.0822673,582362504.4147742,56966.66958347487,5347.135786383008,42497.13550927227,3988.963296641723,2332.4538761981125
2025-01-23T00:00:00.000000,2764953785.5598493,2270851537.6475186,67233.95344931167,5765.459169701462,221870.6886223343,19025.76745244691,22808.414186389826
2024-01-28T00:00:00.000000,26545599.30705415,20601993.472521607,5068.664169787764,0.0,542.347066167291,0.0,65.68261171760915
2024-04-20T00:00:00.000000,482267593.6306448,411150567.9469828,37987.25105118601,0.0,4064.6358624769027,0.0,1608.7359929996132
2024-03-04T00:00:00.000000,76393438.79398932,66963411.67213394,30055.555555555547,0.0,3215.9444444444425,0.0,850.9201005812736
2024-07-30T00:00:00.000000,787049498.7522969,635874150.5706433,49851.25248895431,5869.137367416431,5334.084016318112,627.9976983135579,2275.10117134013
2024-06-24T00:00:00.000000,786688471.735508,637832123.2055944,52112.103904090836,2749.980515496395,5575.9951177377225,294.2479151581143,2177.778285503001
2024-05-08T00:00:00.000000,507725608.67002463,392194900.0890071,38255.49846879756,0.0,4093.3383361613382,0.0,1487.208229323517
2024-08-10T00:00:00.000000,764846533.9155166,552163930.423384,45597.90545384304,4234.431738822198,34016.037468566916,3158.886077161359,1302.7162020332623
2024-05-26T00:00:00.000000,574478186.0597689,493881267.8666043,41558.29460730592,0.0,4446.7375229817335,0.0,1962.7793919079004
2024-02-15T00:00:00.000000,50431485.34637362,43492609.16641621,27873.90761548064,0.0,2982.5081148564277,0.0,371.03445611977435
2024-08-28T00:00:00.000000,687736553.2971513,572256345.2670985,48663.12544702125,4589.736229240403,36302.69158347786,3423.9432270133407,1631.0824341210596
2024-10-14T00:00:00.000000,739716600.7208967,579969627.3060867,59380.48640846002,5325.860264202999,44297.8428607112,3973.091757095439,2546.13847079082
2024-04-02T00:00:00.000000,241203353.30344218,212924397.84896523,43446.31710362047,0.0,4648.75593008739,0.0,1554.0469152912585
2024-11-01T00:00:00.000000,897416435.3494421,720504343.3244314,62256.838823909246,5127.386917468135,46443.6017626363,3825.030640431231,2830.863524374564
2024-01-17T00:00:00.000000,8936322.36568224,8296245.959285131,5068.664169787764,0.0,542.347066167291,0.0,51.34752042585673
2025-02-10T00:00:00.000000,2568666283.1692348,2079759879.8600085,45622.94014016267,4479.8551071541315,93681.65697227606,9198.75385092364,20204.772496121914
2025-03-29T00:00:00.000000,2194921016.9024296,1580297107.006576,33096.70016005829,2907.3019788746747,46841.07971857271,4115.298447033918,11448.90898935116
2024-03-22T00:00:00.000000,107245137.33317712,88349280.85916206,41431.335830212236,0.0,4433.152933832707,0.0,1740.2575561947558
2025-03-11T00:00:00.000000,2255073315.955232,1753288035.789228,32938.71094349749,3279.202902362277,37829.572366999884,3767.717559438122,17603.83456711784
2025-04-20T00:00:00.000000,2062800230.0708885,1679615777.2453222,10645.329997206738,1015.9941535222088,8382.820351527645,794.3340325776984,5364.235394379693
2025-02-03T00:00:00.000000,2660533508.4309525,2237803378.698742,44892.82757030781,4716.500408760702,101582.96334595073,10671.281288831728,39632.073817027056
2024-03-15T00:00:00.000000,108639224.33224474,94380769.1731531,40542.446941323346,0.0,4338.041822721596,0.0,1594.6141541431532
2025-02-14T00:00:00.000000,2691635642.3071523,2135811564.5531938,43663.0093010607,4218.422849321908,88706.38928282923,8569.901379559018,19731.379866643772
2024-09-26T00:00:00.000000,710707292.3588562,584845370.2263827,53880.81366512161,4392.327540410047,40195.08699418072,3276.6763451458955,3074.716521688316
2024-05-01T00:00:00.000000,499661606.623371,390481054.837079,38362.25105118602,0.0,4104.760862476903,0.0,1164.8310687660019
2024-12-29T00:00:00.000000,2428609911.0884504,1892933066.3929288,75159.99999999999,7542.030729849566,226760.19046071198,22747.535632188745,30536.921695024295
2024-09-08T00:00:00.000000,690567117.8230574,541534271.9513589,49052.128726212744,4306.888389609128,36592.88802975471,3212.9387386484113,1448.065534616381
2025-01-16T00:00:00.000000,2604170345.763577,2138722739.5757957,71344.72626524158,7293.3980355398135,214217.67363584385,21907.595407570185,29353.25202588036
2024-03-26T00:00:00.000000,122829206.93903273,91413000.84676884,41431.33583021223,0.0,4433.152933832707,0.0,1631.055910767123
2024-02-08T00:00:00.000000,35533785.27355419,29648294.528592125,5720.349563046191,0.0,612.0774032459427,0.0,211.09059625235133
2025-03-22T00:00:00.000000,2247266016.441338,1774292556.6158652,32596.504648487396,3268.150252302952,43325.74611403067,4344.339008770606,15580.13060778702
2024-01-10T00:00:00.000000,1118081.4563116366,9666.792686357565,1900.749063670412,0.0,203.38014981273403,0.0,3.6998951156615085
2024-05-30T00:00:00.000000,639902712.8305117,538171976.967301,41430.76036073059,0.0,4433.0913585981725,0.0,2042.1969605644813
2024-07-23T00:00:00.000000,824345182.3503275,621378573.5532194,49383.00119536832,6090.509905623052,5283.981127904407,651.684559901666,1531.0368341191615
2024-12-11T00:00:00.000000,1749371588.7570927,1474495731.7917712,89659.99999999996,12205.417322894034,186860.27938831103,25409.20310735138,17915.591354801207
2024-11-12T00:00:00.000000,979790474.2226896,775580654.1369215,69307.77163724948,7020.41493655275,51703.59764138806,5237.229542668352,5501.174216511097
2025-04-09T00:00:00.000000,2091324918.3920913,1659979902.2665007,31177.3518588053,2922.8184875807187,29966.901157679473,2809.3185707122693,11777.041601638783
2024-04-13T00:00:00.000000,478671393.69079256,352879474.7281339,35715.647940074894,0.0,3821.574329588014,0.0,2227.6727475492853
2024-10-07T00:00:00.000000,750285907.133613,581255358.8007343,58675.72451205268,5424.464040357284,43772.09048599132,4046.650174106534,1952.8652581162446
2024-01-21T00:00:00.000000,28103008.288873274,16456592.551472986,5068.664169787764,0.0,542.347066167291,0.0,54.11225890223732
2024-11-30T00:00:00.000000,1418721119.4509044,1192533825.0315475,85699.99999999997,10479.284134758982,116194.67131947674,14216.078096393467,6710.398844267335
2024-05-19T00:00:00.000000,512100781.31582797,443762714.14950377,41358.294607305936,0.0,4425.337522981734,0.0,2186.9603847321846
2024-08-21T00:00:00.000000,693997973.4637166,562091058.1989987,47512.97394273839,4565.312411531424,35444.678561282846,3405.723059002441,1783.1710328277086
2024-08-03T00:00:00.000000,791082766.7053093,615933923.953698,49905.27132042067,4998.225692536598,37229.33240503382,3728.676366632304,1744.941244015829
2024-02-26T00:00:00.000000,65950502.392212495,56654179.851021804,28373.90761548064,0.0,3036.0081148564273,0.0,520.3413256165718
2025-03-04T00:00:00.000000,2410852607.2532887,1905719123.6622508,32201.659750105748,3401.412542206187,58188.3616396371,6146.319964934133,21263.612128055855
2024-07-05T00:00:00.000000,793226619.2352153,620955439.9881092,49881.71640558668,4337.316186616662,5337.343655397773,464.09283196798305,1942.4840154050985
2024-10-25T00:00:00.000000,851830160.9026846,677600908.1349201,59848.71887674203,5243.339298184553,44647.14428204953,3911.5311164456793,3413.8954976384275
2024-06-17T00:00:00.000000,771745529.530688,654620030.6177273,47911.406797058655,3000.867827330512,5126.520527285277,321.0928575243648,2696.421192260021
2024-09-19T00:00:00.000000,703303809.920572,555209349.4328375,51746.119224583956,4105.287282410467,38602.60494153965,3062.5443126782097,2429.360758881303
2025-02-07T00:00:00.000000,2599320841.357463,2099779071.928046,45391.52035408261,4379.509814837125,84618.70377616634,8163.057814907316,21271.83074569296
2024-05-23T00:00:00.000000,565380407.3662857,473926645.49525285,41558.29460730593,0.0,4446.7375229817335,0.0,2344.1603124746275
2024-12-04T00:00:00.000000,1617551601.840678,1257592186.4808178,85700.00000000001,12624.497346490218,127731.27230087644,18816.635340491175,12204.80456060956
2025-03-15T00:00:00.000000,2301485029.517435,1787158603.9549625,33593.394033776545,3325.1110330180804,29022.163367640416,2765.455068709864,16626.199639206967
2024-12-22T00:00:00.000000,2283062699.0429225,1753130093.318817,89660.00000000001,9882.595265210357,203835.33145094535,22459.131036420316,26596.96922047328
2024-08-14T00:00:00.000000,766481534.9979894,562140064.1439552,46582.63004631098,4366.879273489575,34750.64201454797,3257.691938023224,1402.7969832549277
2024-09-30T00:00:00.000000,735480893.3520217,586602771.2000191,56387.29800790254,5468.818774561907,42064.92431389532,4079.7388058231822,2414.049906042442
2024-10-18T00:00:00.000000,732188676.4047153,550254383.1411415,59386.01746043025,5008.440111588919,44301.969025480954,3736.296323245332,2227.538721345373
2024-07-27T00:00:00.000000,775263099.9144703,615117706.3341156,48765.4096899303,5789.988602551645,5217.89883682254,619.5287804730261,1531.3751651562297
2025-02-25T00:00:00.000000,2426154829.254255,2098026164.3593593,33003.92813349281,3733.364232280659,61862.97340427475,6997.703779528824,33758.68739617925
2025-01-27T00:00:00.000000,2859667337.64083,2302092479.5600524,67686.71028045898,6742.758806567861,205147.41923970144,20434.09150733534,23753.01613014241
2024-04-24T00:00:00.000000,506244287.3195245,424766913.98408294,37987.25105118601,0.0,4064.6358624769027,0.0,1314.5849867883362
2025-01-09T00:00:00.000000,2675139771.5743423,2146758320.981837,71687.88801483376,7197.834461162309,241070.0214967029,24205.39332495693,34688.60033900191
2024-01-14T00:00:00.000000,9334555.20228884,7967825.022725036,5068.664169787764,0.0,542.347066167291,0.0,47.63489868336155
2024-06-10T00:00:00.000000,757486587.1838174,631249174.0392632,44487.70433333332,0.0,4760.184363666664,0.0,2321.6234172346067
2024-09-01T00:00:00.000000,696996180.4401795,557904478.3283254,50252.268163933106,4536.3658361472135,37488.192050294136,3384.1289137658214,1586.6531641766492
2024-04-06T00:00:00.000000,261743689.6820501,225008877.62256995,43668.5393258427,0.0,4672.533707865167,0.0,2600.6365113077695
2025-04-02T00:00:00.000000,2345558984.527666,1802768774.4213054,34254.633255944274,2960.769233363891,42601.410091237776,3682.0869050021374,11737.436629483163
2024-07-16T00:00:00.000000,849155294.3642155,633834329.1436001,51431.75418328174,6038.5998414461355,5503.197697611145,646.1301830347365,1575.4252407883625
2024-11-23T00:00:00.000000,1281262412.8320143,1032911015.4305018,85700.00000000003,7037.129367785614,78467.44464069098,6446.178247963282,4389.312806214524
2024-05-12T00:00:00.000000,506183487.1194945,401401158.35401964,39257.58180213089,0.0,4200.561252828005,0.0,1709.3067465785653
2025-04-13T00:00:00.000000,2041058041.879955,1676065006.8338366,29688.58799561619,2908.7559340245057,30927.932545036787,3030.4389055406623,11326.647490898089
2024-02-19T00:00:00.000000,56210013.9262369,49004442.89228642,27998.90761548064,0.0,2995.8831148564277,0.0,424.02288118962736
2024-11-05T00:00:00.000000,886729456.5641396,686861995.1968657,61407.2395952478,5127.565614851354,45809.80073805486,3825.163948679109,3161.966407808858
2024-03-08T00:00:00.000000,84572233.5095942,76458026.21875228,30055.555555555547,0.0,3215.9444444444425,0.0,1078.8264529519045
2024-06-28T00:00:00.000000,810624162.0627707,623337264.65491,54838.68720153719,2763.2469262938475,5867.739530564481,295.6674211134417,1804.1083993266561
2024-02-01T00:00:00.000000,27470219.859567087,22723672.801391654,5204.431960049937,0.0,556.8742197253436,0.0,116.83684670680996
2024-03-19T00:00:00.000000,103636496.96426676,91140708.33475542,41098.0024968789,0.0,4397.486267166041,0.0,1781.2498680884241
2024-06-03T00:00:00.000000,646420071.095071,547151384.4410247,40121.02655555555,0.0,4292.949841444442,0.0,2682.5485852466245
2024-03-01T00:00:00.000000,76368153.38600236,71853136.6205407,28373.90761548064,0.0,3036.0081148564277,0.0,905.1319224157564
2024-03-30T00:00:00.000000,236869988.46139884,201737138.25707653,41431.33583021223,0.0,4433.152933832707,0.0,1866.4237499616322
2024-01-25T00:00:00.000000,27358043.609939232,16237556.68251435,5068.664169787764,0.0,542.347066167291,0.0,35.599842125152236
2025-03-08T00:00:00.000000,2391099593.9693637,1843988724.4599662,32330.77688633635,3389.9926730429643,50779.64292288113,5324.058200450232,18459.682086482517
2024-07-09T00:00:00.000000,796712565.0214319,596870839.0304157,47000.63916801871,5170.341263534754,5029.068390978,553.2265151982189,1957.7278308575808
2024-09-23T00:00:00.000000,711392150.8176446,579576930.8809438,54169.61623121908,4327.67484283779,40410.533708489405,3228.445432756988,2275.6669887832004
2024-04-17T00:00:00.000000,481548260.22061557,385955448.5654252,36209.473273408235,0.0,3874.413640254681,0.0,1950.6623558721783
2024-12-15T00:00:00.000000,1944451066.7025397,1565899829.0986218,89659.99999999996,10556.864054533851,240524.7160544312,28314.87427594777,15774.599357504107
2025-02-18T00:00:00.000000,2707625173.014821,2150001450.55709,43836.50079504783,4243.37990268856,93045.59236280866,9004.81170671101,19818.716238545796
2024-10-29T00:00:00.000000,882660880.2377994,722684613.152415,61995.03651319839,5278.013419818711,46248.29723884598,3937.3980111847627,3361.6772257667726
2024-06-21T00:00:00.000000,782007285.3621726,661003161.8344252,51514.005094943444,2967.5193054339297,5511.998545158948,317.5245656814307,3150.708685148004
2025-01-31T00:00:00.000000,2875822388.7672324,2328215244.2160926,63174.896562002024,6464.250931304197,200512.10069830602,20514.216368528658,26390.01124109007
2024-08-07T00:00:00.000000,748629893.3400985,542680344.7739077,45277.84068462451,3975.953392599138,33777.269150729895,2966.0612308789573,1329.0664088496058
2024-02-12T00:00:00.000000,42533154.49654067,34319999.279379606,27873.907615480643,0.0,2982.5081148564273,0.0,254.997785754434
2024-11-16T00:00:00.000000,952653386.4380285,775335809.8627886,68939.24038010316,7031.3375942633875,51428.67332355697,5245.377845320488,4461.516333319604
2025-01-20T00:00:00.000000,2695532564.760603,2272636809.468386,67065.5811670975,7137.253749681364,223873.737649367,23818.552953451814,29121.144304090372
2024-03-12T00:00:00.000000,97323983.7168225,85456834.59594192,40542.446941323346,0.0,4338.041822721596,0.0,1584.61667789605
2024-09-12T00:00:00.000000,695375957.9914222,546418584.406624,50470.82485892116,4412.045394220041,37651.23534475519,3291.3858640881504,1596.8563894745778
2024-11-27T00:00:00.000000,1336126523.6976557,1127492723.190269,85694.93976133922,10364.947526697773,107008.22894282451,12993.114651699208,5513.359369386915
2025-01-02T00:00:00.000000,2401770794.736395,1927936566.9598646,75159.99999999991,7421.5318040189795,249486.26168316565,24642.03926542005,33032.052829593005
2024-07-20T00:00:00.000000,826438598.4400787,623584865.6303736,49781.24431130302,6103.846994390175,5326.593141309421,653.1116283997487,1681.1533263473373
2024-05-05T00:00:00.000000,503048627.53707576,395839999.0683821,37148.322542871625,0.0,3974.8705120872637,0.0,1541.2180409217215
2025-03-26T00:00:00.000000,2383800685.9346814,1762389612.3450148,35890.48221294032,3372.294812673997,51939.85107388854,4880.476154077828,13672.385878247966
2024-01-07T00:00:00.000000,10390.017743290382,106.55847837602701,0.0,0.0,0.0,0.0,0.00009373094006457982
2025-04-06T00:00:00.000000,2280599107.2167745,1807917027.3258421,34024.53034685682,3144.319479015275,28260.48374980259,2554.0539455230273,12410.913652575533
2024-10-11T00:00:00.000000,738440323.5431985,580112470.5079863,58516.37972794088,5243.284158320043,43653.219277043885,3911.489982106755,2632.612426618833
2024-08-25T00:00:00.000000,715153024.1672996,581349617.910358,49132.663065630186,4679.383110097622,36652.96664696009,3490.8198001328237,1575.0392989159675
2024-05-16T00:00:00.000000,508640986.17330897,405507101.0991986,39407.67745452815,0.0,4216.621487634512,0.0,1956.9533329077765
2024-07-13T00:00:00.000000,823910192.9203004,606396664.130717,52481.469675536966,5762.252217130499,5615.517255282458,616.5609872329633,1691.1157215771048
2024-07-02T00:00:00.000000,814632256.7249168,632804636.0335362,54852.04330428723,3069.912856085736,5869.16863355873,328.4806756011737,1930.1592984006884
2024-09-05T00:00:00.000000,702223857.1716341,566139696.6587461,50312.41313983282,4553.7120201603375,37533.06020231529,3397.0691670396122,1595.022804630407
2024-07-31T00:00:00.000000,793929619.3729695,628990718.6186714,50330.75315341681,5880.479633511509,5385.390587415594,629.2113207857312,1948.5909449746812
2024-02-05T00:00:00.000000,29237455.353716526,24219704.62901212,5720.349563046191,0.0,612.0774032459427,0.0,181.49180853845328
2024-03-23T00:00:00.000000,104954087.52405328,88403262.91888823,41431.33583021222,0.0,4433.152933832707,0.0,1478.1120699772723
2025-01-13T00:00:00.000000,2593074747.9515347,2107893018.4234023,71491.28547498002,7433.978994093117,192069.765456557,19978.442259637723,30918.490296351698
2024-11-09T00:00:00.000000,934558857.3910605,724168616.2005595,66015.99508144819,6498.758986175494,49247.93233076035,4848.074203686917,3276.775541166556
2024-05-09T00:00:00.000000,505639664.7275498,390377840.77019143,39257.58180213088,0.0,4200.561252828004,0.0,1602.1988681460296
2024-06-14T00:00:00.000000,759048796.0333261,639272710.148321,62793.2497972935,2977.224698924406,6718.877728310405,318.5630427849115,2790.314888409023
2024-08-18T00:00:00.000000,763694264.7179269,561410988.9987994,46726.27316369231,4563.927583875796,34857.79978011449,3404.6899775713423,1556.0408603388955
2025-03-30T00:00:00.000000,2178329022.1184673,1499284632.654432,32704.576237491558,2723.97757807303,41943.86639286549,3493.6985825619554,10626.828438817834
2025-04-17T00:00:00.000000,2100552570.5053122,1687879781.410409,31136.01508937655,2917.459605256032,26534.986855635394,2486.1820953281663,10463.576723234733
2024-05-27T00:00:00.000000,575381402.6417072,497465917.63772887,41558.29460730593,0.0,4446.7375229817335,0.0,2212.2112770838894
2024-03-05T00:00:00.000000,79946088.91695097,70732680.47362451,30055.555555555547,0.0,3215.9444444444425,0.0,765.9499855400767
2024-12-08T00:00:00.000000,1762619327.9605298,1418245236.7862444,85699.99999999996,11071.04713481321,192171.30888887955,24831.876033595367,17011.260876280863
2024-01-18T00:00:00.000000,9647372.955926213,8836166.969316758,5068.664169787764,0.0,542.347066167291,0.0,60.78175516607381
2025-03-19T00:00:00.000000,2273081694.612134,1752831323.573266,33731.62602659146,3243.833545581787,43936.97734974171,4225.06946087926,15725.058139097802
2024-04-28T00:00:00.000000,508941343.4472632,399801162.5465551,37987.25105118601,0.0,4064.635862476903,0.0,1570.8827038214044
2024-12-26T00:00:00.000000,2407616343.482283,1820652276.7435894,75159.99999999999,7323.692469626105,227772.86412647754,22174.225508248943,35154.53757527318
2024-09-16T00:00:00.000000,699615823.1756465,549694774.9746666,50101.45205089957,3984.7817969272855,37375.68322997112,2972.6472205077534,2144.5955307294553
2024-10-04T00:00:00.000000,732946693.0897468,574273787.3210683,57583.83362374157,5364.537597721519,42957.53988331121,4001.945047900253,2295.5486335869514
2025-03-01T00:00:00.000000,2383880173.7699747,1927084817.586485,31832.407892257666,3464.3118077464846,66412.74113170513,7229.5451392165,22151.402231500782
2024-10-22T00:00:00.000000,748631157.8441976,561241543.958033,59732.94072044384,5094.673072911531,44560.77377745111,3800.6261123920003,2638.1712744967163
2025-01-24T00:00:00.000000,2841677262.287809,2300047174.08355,67307.3697684787,6743.565877722738,219796.58435205588,22019.07292196427,23769.677382038055
2024-11-20T00:00:00.000000,1073332298.4010087,874313967.7599624,71682.39213865034,6362.081844913503,53475.06453543316,4746.113056305472,6263.619134903936
2024-02-23T00:00:00.000000,62335110.106097445,54628560.86437786,28373.90761548064,0.0,3036.0081148564277,0.0,579.5026815123374
2024-04-10T00:00:00.000000,374439912.71616757,319237736.1776722,33181.6479400749,0.0,3550.436329588014,0.0,2756.872733496355
2025-02-11T00:00:00.000000,2645412857.991621,2100157823.277188,45696.799693905414,4372.693863823236,93145.19942020511,8914.917729024946,19541.460951508114
2024-01-11T00:00:00.000000,7245471.594557917,5779842.164769266,5068.664169787764,0.0,542.347066167291,0.0,17.79946552081271
2024-01-29T00:00:00.000000,26487025.820617236,20552577.08751159,5068.664169787764,0.0,542.347066167291,0.0,69.7526284837305
2024-11-02T00:00:00.000000,893212384.2865251,705264711.589067,61678.367037684184,5112.380072011887,46012.06181011242,3813.8355337208654,2706.2975676667315
2025-04-10T00:00:00.000000,2114950942.7486858,1710950206.3314576,31435.26538632281,2957.1455654850533,33580.55991306052,3159.167896764991,12717.946399562423
2025-03-12T00:00:00.000000,2313708986.16004,1799462892.4439542,33422.1289446502,3334.556338781315,40271.70103534197,4017.5959188369347,16293.97213077138
2024-02-27T00:00:00.000000,68490773.49761069,59362864.213975444,28373.907615480643,0.0,3036.0081148564273,0.0,410.92953989350235
2024-02-16T00:00:00.000000,53942046.59963108,45429471.31733285,27873.90761548064,0.0,2982.5081148564277,0.0,365.108419838049
2025-03-23T00:00:00.000000,2257074275.927248,1787932474.9258876,32681.76949773175,3484.1607254339115,44536.69126922651,4747.841921961415,16626.577460102963
2024-07-06T00:00:00.000000,791469905.496602,605956884.8658057,51086.3750857525,4550.0316019153315,5466.242134175516,486.8533814049406,1917.96009734302
2024-11-13T00:00:00.000000,954941003.677745,783312347.1156666,68054.9920142987,6958.756285897469,50769.02404266684,5191.232189279511,6075.445964515078
2025-01-06T00:00:00.000000,2708211120.597886,2142950924.4977012,71513.5305949736,7000.553933349738,253487.08051567263,24817.610867307427,34530.92258760731
2024-03-16T00:00:00.000000,103984546.61675532,93654612.94275102,40542.44694132334,0.0,4338.041822721596,0.0,1742.0267505253241
2024-04-03T00:00:00.000000,233829994.15957466,204204617.6175493,43446.31710362047,0.0,4648.755930087391,0.0,2048.394266920783
2024-06-25T00:00:00.000000,784603286.8346409,627683340.5367914,52109.57587040938,2743.8626898835573,5575.7246181338,293.59330781754085,2004.1729067944186
2024-08-29T00:00:00.000000,689186474.7057134,574359664.9716697,48750.957968898096,4624.9346973614565,36368.21464479798,3450.2012842316444,1575.1789612061996
2024-08-11T00:00:00.000000,764868672.7563741,545177990.4843038,45674.37055579111,4259.94123114339,34073.080434620184,3177.9161584329686,1303.502826164901
2024-04-21T00:00:00.000000,493163834.59101075,417905771.18880373,37987.251051186,0.0,4064.6358624769027,0.0,1672.6162011564818
2024-05-20T00:00:00.000000,509331683.8075933,444577526.10930306,41358.29460730592,0.0,4425.337522981734,0.0,2650.015938317721
2024-07-24T00:00:00.000000,825246921.9462639,617167325.5606833,48291.64615206047,5699.645291962103,5167.2061382704715,609.8620462399451,1666.625659480334
2025-02-22T00:00:00.000000,2601767115.5168023,2115067803.6150007,43462.04941275789,3692.3216780304238,93201.44736564343,7917.97196603335,20029.188643366484
2025-02-04T00:00:00.000000,2634338553.839108,2191146003.4562526,45393.96512890039,4686.846032363082,108245.0156853869,11176.225335556217,27176.286210115184
2024-09-27T00:00:00.000000,716106744.6862969,585175875.8817127,55149.380739435335,5389.212626634289,41141.43803161876,4020.352619469179,2374.385518597376
2024-06-07T00:00:00.000000,704066835.5966944,590790662.3635763,42483.53766666666,0.0,4545.738530333332,0.0,2771.379156479802
2024-12-19T00:00:00.000000,2035289761.0139973,1686550186.0898378,89659.99999999997,10787.339289033416,251914.3823860242,30299.834354716553,32602.7859806127
2024-09-09T00:00:00.000000,687978991.9350529,543044828.2290087,49267.58456478408,4309.340430069946,36753.618085328926,3214.7679608321782,1497.915829053894
2025-01-17T00:00:00.000000,2602612548.0372415,2146806174.4544985,67589.15531511605,6883.006815735192,250250.37594696134,25485.812863451352,25829.085441048923
2024-12-01T00:00:00.000000,1460724212.5233288,1223674163.9713974,85700.00000000001,11418.768477049862,128612.35259830672,17129.9321035875,7503.108508794665
2024-10-15T00:00:00.000000,723445910.312215,593596833.301311,59800.78433270119,5382.772628981123,44611.385112195094,4015.5483812199163,2679.8283184106886
2024-05-02T00:00:00.000000,490583591.3444103,388199146.115013,37469.16578106133,0.0,4009.2007385735624,0.0,1269.7017119358911
